KF220657.1,KF220657.1,100.000,46253,0,0,1,46253,1,46253,0.0,85414
KF220657.1,KF220657.1,100.000,93,0,0,40075,40167,93,1,1.68e-36,172
KF220657.1,KF220657.1,100.000,93,0,0,1,93,40167,40075,1.68e-36,172
KF220657.1,KF220657.1,100.000,92,0,0,46162,46253,1,92,6.05e-36,171
KF220657.1,KF220657.1,100.000,92,0,0,46162,46253,40167,40076,6.05e-36,171
KF220657.1,KF220657.1,100.000,92,0,0,1,92,46162,46253,6.05e-36,171
KF220657.1,KF220657.1,100.000,92,0,0,40076,40167,46253,46162,6.05e-36,171
KF220657.1,KF220657.1,97.619,84,2,0,14837,14920,11768,11685,3.67e-28,145
KF220657.1,KF220657.1,97.619,84,2,0,11685,11768,14920,14837,3.67e-28,145
KF220657.1,KF220657.1,94.340,53,3,0,44525,44577,44459,44511,2.92e-09,82.4
KF220657.1,KF220657.1,94.340,53,3,0,44459,44511,44525,44577,2.92e-09,82.4
KF220657.1,KX023261.1,99.987,46200,5,1,55,46253,1,46200,0.0,85281
KF220657.1,KX023261.1,98.182,110,2,0,1,110,40114,40005,1.29e-42,193
KF220657.1,KX023261.1,100.000,94,0,0,1,94,46109,46202,4.68e-37,174
KF220657.1,KX023261.1,100.000,93,0,0,40075,40167,46201,46109,1.68e-36,172
KF220657.1,KX023261.1,100.000,92,0,0,46162,46253,40114,40023,6.05e-36,171
KF220657.1,KX023261.1,97.619,84,2,0,14837,14920,11714,11631,3.67e-28,145
KF220657.1,KX023261.1,97.619,84,2,0,11685,11768,14867,14784,3.67e-28,145
KF220657.1,KX023261.1,98.361,61,0,1,46156,46215,46194,46254,1.73e-16,106
KF220657.1,KX023261.1,100.000,55,0,0,40114,40168,46254,46200,2.24e-15,102
KF220657.1,KX023261.1,100.000,54,0,0,1,54,46201,46254,8.05e-15,100
KF220657.1,KX023261.1,94.340,53,3,0,44525,44577,44406,44458,2.92e-09,82.4
KF220657.1,KX023261.1,94.340,53,3,0,44459,44511,44472,44524,2.92e-09,82.4
KF220657.1,KX023261.1,100.000,39,0,0,40075,40113,39,1,1.75e-06,73.1
KF220657.1,KX023261.1,100.000,38,0,0,46216,46253,1,38,6.31e-06,71.3
KF220657.1,KM400601.1,99.985,46199,7,0,55,46253,1,46199,0.0,85275
KF220657.1,KM400601.1,98.182,110,2,0,1,110,40113,40004,1.29e-42,193
KF220657.1,KM400601.1,100.000,94,0,0,1,94,46108,46201,4.68e-37,174
KF220657.1,KM400601.1,100.000,93,0,0,40075,40167,46200,46108,1.68e-36,172
KF220657.1,KM400601.1,100.000,92,0,0,46162,46253,40113,40022,6.05e-36,171
KF220657.1,KM400601.1,97.619,84,2,0,14837,14920,11714,11631,3.67e-28,145
KF220657.1,KM400601.1,97.619,84,2,0,11685,11768,14866,14783,3.67e-28,145
KF220657.1,KM400601.1,98.361,61,0,1,46156,46215,46193,46253,1.73e-16,106
KF220657.1,KM400601.1,100.000,55,0,0,40114,40168,46253,46199,2.24e-15,102
KF220657.1,KM400601.1,100.000,54,0,0,1,54,46200,46253,8.05e-15,100
KF220657.1,KM400601.1,94.340,53,3,0,44525,44577,44405,44457,2.92e-09,82.4
KF220657.1,KM400601.1,94.340,53,3,0,44459,44511,44471,44523,2.92e-09,82.4
KF220657.1,KM400601.1,100.000,39,0,0,40075,40113,39,1,1.75e-06,73.1
KF220657.1,KM400601.1,100.000,38,0,0,46216,46253,1,38,6.31e-06,71.3
KF220657.1,CP049051.1,99.991,46161,4,0,23,46183,46161,1,0.0,85222
KF220657.1,CP049051.1,98.182,110,2,0,1,110,6017,6126,1.29e-42,193
KF220657.1,CP049051.1,100.000,92,0,0,46162,46253,6017,6108,6.05e-36,171
KF220657.1,CP049051.1,97.619,84,2,0,11685,11768,31264,31347,3.67e-28,145
KF220657.1,CP049051.1,97.619,84,2,0,14837,14920,34416,34499,3.67e-28,145
KF220657.1,CP049051.1,100.000,71,0,0,40075,40145,46091,46161,2.85e-24,132
KF220657.1,CP049051.1,100.000,70,0,0,46184,46253,46161,46092,1.03e-23,130
KF220657.1,CP049051.1,94.340,53,3,0,44459,44511,1659,1607,2.92e-09,82.4
KF220657.1,CP049051.1,94.340,53,3,0,44525,44577,1725,1673,2.92e-09,82.4
KF220657.1,KU167608.1,99.989,46161,5,0,1,46161,1,46161,0.0,85216
KF220657.1,KU167608.1,98.182,110,2,0,1,110,40167,40058,1.29e-42,193
KF220657.1,KU167608.1,100.000,93,0,0,40075,40167,93,1,1.68e-36,172
KF220657.1,KU167608.1,100.000,92,0,0,46162,46253,1,92,6.05e-36,171
KF220657.1,KU167608.1,100.000,92,0,0,46162,46253,40167,40076,6.05e-36,171
KF220657.1,KU167608.1,97.619,84,2,0,14837,14920,11768,11685,3.67e-28,145
KF220657.1,KU167608.1,97.619,84,2,0,11685,11768,14920,14837,3.67e-28,145
KF220657.1,KU167608.1,94.340,53,3,0,44525,44577,44459,44511,2.92e-09,82.4
KF220657.1,KU167608.1,94.340,53,3,0,44459,44511,44525,44577,2.92e-09,82.4
KF220657.1,KU167609.1,99.985,46161,7,0,1,46161,1,46161,0.0,85205
KF220657.1,KU167609.1,98.182,110,2,0,1,110,40167,40058,1.29e-42,193
KF220657.1,KU167609.1,100.000,93,0,0,40075,40167,93,1,1.68e-36,172
KF220657.1,KU167609.1,100.000,92,0,0,46162,46253,1,92,6.05e-36,171
KF220657.1,KU167609.1,100.000,92,0,0,46162,46253,40167,40076,6.05e-36,171
KF220657.1,KU167609.1,97.619,84,2,0,14837,14920,11768,11685,3.67e-28,145
KF220657.1,KU167609.1,97.619,84,2,0,11685,11768,14920,14837,3.67e-28,145
KF220657.1,KU167609.1,94.340,53,3,0,44525,44577,44459,44511,2.92e-09,82.4
KF220657.1,KU167609.1,94.340,53,3,0,44459,44511,44525,44577,2.92e-09,82.4
KF220657.1,KT824791.1,99.981,46164,6,3,1,46161,1,46164,0.0,85196
KF220657.1,KT824791.1,98.182,110,2,0,1,110,40169,40060,1.29e-42,193
KF220657.1,KT824791.1,100.000,93,0,0,40075,40167,93,1,1.68e-36,172
KF220657.1,KT824791.1,100.000,92,0,0,46162,46253,1,92,6.05e-36,171
KF220657.1,KT824791.1,100.000,92,0,0,46162,46253,40169,40078,6.05e-36,171
KF220657.1,KT824791.1,97.619,84,2,0,14837,14920,11769,11686,3.67e-28,145
KF220657.1,KT824791.1,97.619,84,2,0,11685,11768,14921,14838,3.67e-28,145
KF220657.1,KT824791.1,94.340,53,3,0,44525,44577,44462,44514,2.92e-09,82.4
KF220657.1,KT824791.1,94.340,53,3,0,44459,44511,44528,44580,2.92e-09,82.4
KF220657.1,AP019679.1,99.981,46161,6,2,1,46161,1,46158,0.0,85190
KF220657.1,AP019679.1,98.182,110,2,0,1,110,40167,40058,1.29e-42,193
KF220657.1,AP019679.1,100.000,93,0,0,40075,40167,93,1,1.68e-36,172
KF220657.1,AP019679.1,100.000,92,0,0,46162,46253,1,92,6.05e-36,171
KF220657.1,AP019679.1,100.000,92,0,0,46162,46253,40167,40076,6.05e-36,171
KF220657.1,AP019679.1,97.619,84,2,0,14837,14920,11768,11685,3.67e-28,145
KF220657.1,AP019679.1,97.619,84,2,0,11685,11768,14920,14837,3.67e-28,145
KF220657.1,AP019679.1,94.340,53,3,0,44525,44577,44456,44508,2.92e-09,82.4
KF220657.1,AP019679.1,94.340,53,3,0,44459,44511,44522,44574,2.92e-09,82.4
KF220657.1,KX507346.1,99.965,46165,12,2,1,46161,1,46165,0.0,85161
KF220657.1,KX507346.1,98.182,110,2,0,1,110,40171,40062,1.29e-42,193
KF220657.1,KX507346.1,100.000,93,0,0,40075,40167,93,1,1.68e-36,172
KF220657.1,KX507346.1,100.000,92,0,0,46162,46253,1,92,6.05e-36,171
KF220657.1,KX507346.1,100.000,92,0,0,46162,46253,40171,40080,6.05e-36,171
KF220657.1,KX507346.1,97.619,84,2,0,14837,14920,11771,11688,3.67e-28,145
KF220657.1,KX507346.1,97.619,84,2,0,11685,11768,14923,14840,3.67e-28,145
KF220657.1,KX507346.1,94.340,53,3,0,44525,44577,44463,44515,2.92e-09,82.4
KF220657.1,KX507346.1,94.340,53,3,0,44459,44511,44529,44581,2.92e-09,82.4
KF220657.1,MG545911.1,99.948,46162,6,18,1,46161,1,46145,0.0,85096
KF220657.1,MG545911.1,98.182,110,2,0,1,110,40151,40042,1.29e-42,193
KF220657.1,MG545911.1,100.000,93,0,0,40075,40167,93,1,1.68e-36,172
KF220657.1,MG545911.1,100.000,92,0,0,46162,46253,1,92,6.05e-36,171
KF220657.1,MG545911.1,100.000,92,0,0,46162,46253,40151,40060,6.05e-36,171
KF220657.1,MG545911.1,97.619,84,2,0,11685,11768,14905,14822,3.67e-28,145
KF220657.1,MG545911.1,97.590,83,2,0,14837,14919,11753,11671,1.32e-27,143
KF220657.1,MG545911.1,94.340,53,3,0,44525,44577,44443,44495,2.92e-09,82.4
KF220657.1,MG545911.1,94.340,53,3,0,44459,44511,44509,44561,2.92e-09,82.4
KF220657.1,MG591703.2,99.958,45723,5,14,532,46253,1,45710,0.0,84317
KF220657.1,MG591703.2,100.000,543,0,0,1,543,45619,46161,0.0,1003
KF220657.1,MG591703.2,98.182,110,2,0,1,110,39624,39515,1.29e-42,193
KF220657.1,MG591703.2,100.000,93,0,0,40075,40167,45711,45619,1.68e-36,172
KF220657.1,MG591703.2,100.000,92,0,0,46162,46253,39624,39533,6.05e-36,171
KF220657.1,MG591703.2,97.619,84,2,0,14837,14920,11225,11142,3.67e-28,145
KF220657.1,MG591703.2,97.619,84,2,0,11685,11768,14377,14294,3.67e-28,145
KF220657.1,MG591703.2,94.340,53,3,0,44525,44577,43916,43968,2.92e-09,82.4
KF220657.1,MG591703.2,94.340,53,3,0,44459,44511,43982,44034,2.92e-09,82.4
KF220657.1,MH094148.1,99.987,45583,4,2,1,45581,45583,1,0.0,84141
KF220657.1,MH094148.1,100.000,672,0,0,45582,46253,46163,45492,0.0,1242
KF220657.1,MH094148.1,98.182,110,2,0,1,110,5415,5524,1.29e-42,193
KF220657.1,MH094148.1,100.000,93,0,0,40075,40167,45491,45583,1.68e-36,172
KF220657.1,MH094148.1,100.000,92,0,0,46162,46253,5415,5506,6.05e-36,171
KF220657.1,MH094148.1,97.619,84,2,0,11685,11768,30663,30746,3.67e-28,145
KF220657.1,MH094148.1,97.619,84,2,0,14837,14920,33815,33898,3.67e-28,145
KF220657.1,MH094148.1,94.340,53,3,0,44459,44511,1057,1005,2.92e-09,82.4
KF220657.1,MH094148.1,94.340,53,3,0,44525,44577,1123,1071,2.92e-09,82.4
KF220657.1,KX960109.1,99.689,46027,10,129,1,46023,140,46037,0.0,84080
KF220657.1,KX960109.1,100.000,231,0,0,46023,46253,1,231,3.25e-113,427
KF220657.1,KX960109.1,98.182,110,2,0,1,110,40182,40073,1.29e-42,193
KF220657.1,KX960109.1,100.000,93,0,0,40075,40167,232,140,1.68e-36,172
KF220657.1,KX960109.1,100.000,92,0,0,46162,46253,40182,40091,6.05e-36,171
KF220657.1,KX960109.1,97.619,84,2,0,14837,14920,11794,11711,3.67e-28,145
KF220657.1,KX960109.1,97.619,84,2,0,11685,11768,14944,14861,3.67e-28,145
KF220657.1,KX960109.1,94.340,53,3,0,44525,44577,44474,44526,2.92e-09,82.4
KF220657.1,KX960109.1,94.340,53,3,0,44459,44511,44540,44592,2.92e-09,82.4
KF220657.1,CP024833.1,99.931,44899,7,1,1355,46253,1,44875,0.0,82719
KF220657.1,CP024833.1,100.000,1354,0,0,1,1354,44784,46137,0.0,2501
KF220657.1,CP024833.1,98.182,110,2,0,1,110,38813,38704,1.29e-42,193
KF220657.1,CP024833.1,100.000,93,0,0,40075,40167,44876,44784,1.68e-36,172
KF220657.1,CP024833.1,100.000,92,0,0,46162,46253,38813,38722,6.05e-36,171
KF220657.1,CP024833.1,97.619,84,2,0,14837,14920,10414,10331,3.67e-28,145
KF220657.1,CP024833.1,97.619,84,2,0,11685,11768,13566,13483,3.67e-28,145
KF220657.1,CP024833.1,94.340,53,3,0,44525,44577,43105,43157,2.92e-09,82.4
KF220657.1,CP024833.1,94.340,53,3,0,44459,44511,43171,43223,2.92e-09,82.4
KF220657.1,MF547508.1,99.991,44753,4,0,1,44753,1409,46161,0.0,82622
KF220657.1,MF547508.1,100.000,1500,0,0,44754,46253,1,1500,0.0,2771
KF220657.1,MF547508.1,98.182,110,2,0,1,110,41575,41466,1.29e-42,193
KF220657.1,MF547508.1,100.000,93,0,0,40075,40167,1501,1409,1.68e-36,172
KF220657.1,MF547508.1,100.000,92,0,0,46162,46253,41575,41484,6.05e-36,171
KF220657.1,MF547508.1,97.619,84,2,0,14837,14920,13176,13093,3.67e-28,145
KF220657.1,MF547508.1,97.619,84,2,0,11685,11768,16328,16245,3.67e-28,145
KF220657.1,MF547508.1,94.340,53,3,0,44525,44577,45867,45919,2.92e-09,82.4
KF220657.1,MF547508.1,94.340,53,3,0,44459,44511,45933,45985,2.92e-09,82.4
KF220657.1,MF547509.1,99.989,44753,5,0,1,44753,1409,46161,0.0,82616
KF220657.1,MF547509.1,100.000,1500,0,0,44754,46253,1,1500,0.0,2771
KF220657.1,MF547509.1,98.182,110,2,0,1,110,41575,41466,1.29e-42,193
KF220657.1,MF547509.1,100.000,93,0,0,40075,40167,1501,1409,1.68e-36,172
KF220657.1,MF547509.1,100.000,92,0,0,46162,46253,41575,41484,6.05e-36,171
KF220657.1,MF547509.1,97.619,84,2,0,14837,14920,13176,13093,3.67e-28,145
KF220657.1,MF547509.1,97.619,84,2,0,11685,11768,16328,16245,3.67e-28,145
KF220657.1,MF547509.1,94.340,53,3,0,44525,44577,45867,45919,2.92e-09,82.4
KF220657.1,MF547509.1,94.340,53,3,0,44459,44511,45933,45985,2.92e-09,82.4
KF220657.1,MF547507.1,99.989,44753,5,0,1,44753,1409,46161,0.0,82616
KF220657.1,MF547507.1,100.000,1500,0,0,44754,46253,1,1500,0.0,2771
KF220657.1,MF547507.1,98.182,110,2,0,1,110,41575,41466,1.29e-42,193
KF220657.1,MF547507.1,100.000,93,0,0,40075,40167,1501,1409,1.68e-36,172
KF220657.1,MF547507.1,100.000,92,0,0,46162,46253,41575,41484,6.05e-36,171
KF220657.1,MF547507.1,97.619,84,2,0,14837,14920,13176,13093,3.67e-28,145
KF220657.1,MF547507.1,97.619,84,2,0,11685,11768,16328,16245,3.67e-28,145
KF220657.1,MF547507.1,94.340,53,3,0,44525,44577,45867,45919,2.92e-09,82.4
KF220657.1,MF547507.1,94.340,53,3,0,44459,44511,45933,45985,2.92e-09,82.4
KF220657.1,AP024206.1,99.989,44753,5,0,1,44753,1409,46161,0.0,82616
KF220657.1,AP024206.1,100.000,1500,0,0,44754,46253,1,1500,0.0,2771
KF220657.1,AP024206.1,98.182,110,2,0,1,110,41575,41466,1.29e-42,193
KF220657.1,AP024206.1,100.000,93,0,0,40075,40167,1501,1409,1.68e-36,172
KF220657.1,AP024206.1,100.000,92,0,0,46162,46253,41575,41484,6.05e-36,171
KF220657.1,AP024206.1,97.619,84,2,0,14837,14920,13176,13093,3.67e-28,145
KF220657.1,AP024206.1,97.619,84,2,0,11685,11768,16328,16245,3.67e-28,145
KF220657.1,AP024206.1,94.340,53,3,0,44525,44577,45867,45919,2.92e-09,82.4
KF220657.1,AP024206.1,94.340,53,3,0,44459,44511,45933,45985,2.92e-09,82.4
KF220657.1,MT663954.1,99.989,44753,5,0,1,44753,1409,46161,0.0,82616
KF220657.1,MT663954.1,100.000,1500,0,0,44754,46253,1,1500,0.0,2771
KF220657.1,MT663954.1,98.182,110,2,0,1,110,41575,41466,1.29e-42,193
KF220657.1,MT663954.1,100.000,93,0,0,40075,40167,1501,1409,1.68e-36,172
KF220657.1,MT663954.1,100.000,92,0,0,46162,46253,41575,41484,6.05e-36,171
KF220657.1,MT663954.1,97.619,84,2,0,14837,14920,13176,13093,3.67e-28,145
KF220657.1,MT663954.1,97.619,84,2,0,11685,11768,16328,16245,3.67e-28,145
KF220657.1,MT663954.1,94.340,53,3,0,44525,44577,45867,45919,2.92e-09,82.4
KF220657.1,MT663954.1,94.340,53,3,0,44459,44511,45933,45985,2.92e-09,82.4
KF220657.1,MH234503.1,99.987,44753,6,0,1,44753,1409,46161,0.0,82610
KF220657.1,MH234503.1,100.000,1500,0,0,44754,46253,1,1500,0.0,2771
KF220657.1,MH234503.1,98.182,110,2,0,1,110,41575,41466,1.29e-42,193
KF220657.1,MH234503.1,100.000,93,0,0,40075,40167,1501,1409,1.68e-36,172
KF220657.1,MH234503.1,100.000,92,0,0,46162,46253,41575,41484,6.05e-36,171
KF220657.1,MH234503.1,97.619,84,2,0,14837,14920,13176,13093,3.67e-28,145
KF220657.1,MH234503.1,97.619,84,2,0,11685,11768,16328,16245,3.67e-28,145
KF220657.1,MH234503.1,94.340,53,3,0,44525,44577,45867,45919,2.92e-09,82.4
KF220657.1,MH234503.1,94.340,53,3,0,44459,44511,45933,45985,2.92e-09,82.4
KF220657.1,AP018146.1,99.984,44753,7,0,1,44753,44753,1,0.0,82605
KF220657.1,AP018146.1,100.000,1500,0,0,44754,46253,46161,44662,0.0,2771
KF220657.1,AP018146.1,98.182,110,2,0,1,110,4587,4696,1.29e-42,193
KF220657.1,AP018146.1,100.000,93,0,0,40075,40167,44661,44753,1.68e-36,172
KF220657.1,AP018146.1,100.000,92,0,0,46162,46253,4587,4678,6.05e-36,171
KF220657.1,AP018146.1,97.619,84,2,0,11685,11768,29834,29917,3.67e-28,145
KF220657.1,AP018146.1,97.619,84,2,0,14837,14920,32986,33069,3.67e-28,145
KF220657.1,AP018146.1,94.340,53,3,0,44459,44511,229,177,2.92e-09,82.4
KF220657.1,AP018146.1,94.340,53,3,0,44525,44577,295,243,2.92e-09,82.4
KF220657.1,MH234501.1,99.913,44753,39,0,1,44753,1409,46161,0.0,82428
KF220657.1,MH234501.1,100.000,1500,0,0,44754,46253,1,1500,0.0,2771
KF220657.1,MH234501.1,98.182,110,2,0,1,110,41575,41466,1.29e-42,193
KF220657.1,MH234501.1,100.000,93,0,0,40075,40167,1501,1409,1.68e-36,172
KF220657.1,MH234501.1,100.000,92,0,0,46162,46253,41575,41484,6.05e-36,171
KF220657.1,MH234501.1,97.619,84,2,0,14837,14920,13176,13093,3.67e-28,145
KF220657.1,MH234501.1,97.619,84,2,0,11685,11768,16328,16245,3.67e-28,145
KF220657.1,MH234501.1,94.340,53,3,0,44525,44577,45867,45919,2.92e-09,82.4
KF220657.1,MH234501.1,94.340,53,3,0,44459,44511,45933,45985,2.92e-09,82.4
KF220657.1,MH234504.1,99.888,44753,50,0,1,44753,1409,46161,0.0,82367
KF220657.1,MH234504.1,100.000,1500,0,0,44754,46253,1,1500,0.0,2771
KF220657.1,MH234504.1,98.182,110,2,0,1,110,41575,41466,1.29e-42,193
KF220657.1,MH234504.1,100.000,93,0,0,40075,40167,1501,1409,1.68e-36,172
KF220657.1,MH234504.1,100.000,92,0,0,46162,46253,41575,41484,6.05e-36,171
KF220657.1,MH234504.1,97.619,84,2,0,14837,14920,13176,13093,3.67e-28,145
KF220657.1,MH234504.1,97.619,84,2,0,11685,11768,16328,16245,3.67e-28,145
KF220657.1,MH234504.1,94.340,53,3,0,44525,44577,45867,45919,2.92e-09,82.4
KF220657.1,MH234504.1,94.340,53,3,0,44459,44511,45933,45985,2.92e-09,82.4
KF220657.1,MK986791.1,99.991,44612,4,0,1,44612,1550,46161,0.0,82361
KF220657.1,MK986791.1,100.000,1641,0,0,44613,46253,1,1641,0.0,3031
KF220657.1,MK986791.1,98.182,110,2,0,1,110,41716,41607,1.29e-42,193
KF220657.1,MK986791.1,100.000,93,0,0,40075,40167,1642,1550,1.68e-36,172
KF220657.1,MK986791.1,100.000,92,0,0,46162,46253,41716,41625,6.05e-36,171
KF220657.1,MK986791.1,97.619,84,2,0,14837,14920,13317,13234,3.67e-28,145
KF220657.1,MK986791.1,97.619,84,2,0,11685,11768,16469,16386,3.67e-28,145
KF220657.1,MK986791.1,94.340,53,3,0,44525,44577,46008,46060,2.92e-09,82.4
KF220657.1,MK986791.1,94.340,53,3,0,44459,44511,46074,46126,2.92e-09,82.4
KF220657.1,KU761328.1,99.991,44612,4,0,1,44612,1550,46161,0.0,82361
KF220657.1,KU761328.1,100.000,1641,0,0,44613,46253,1,1641,0.0,3031
KF220657.1,KU761328.1,98.182,110,2,0,1,110,41716,41607,1.29e-42,193
KF220657.1,KU761328.1,100.000,93,0,0,40075,40167,1642,1550,1.68e-36,172
KF220657.1,KU761328.1,100.000,92,0,0,46162,46253,41716,41625,6.05e-36,171
KF220657.1,KU761328.1,97.619,84,2,0,14837,14920,13317,13234,3.67e-28,145
KF220657.1,KU761328.1,97.619,84,2,0,11685,11768,16469,16386,3.67e-28,145
KF220657.1,KU761328.1,94.340,53,3,0,44525,44577,46008,46060,2.92e-09,82.4
KF220657.1,KU761328.1,94.340,53,3,0,44459,44511,46074,46126,2.92e-09,82.4
KF220657.1,MN701975.1,99.989,44612,5,0,1,44612,1550,46161,0.0,82356
KF220657.1,MN701975.1,100.000,1641,0,0,44613,46253,1,1641,0.0,3031
KF220657.1,MN701975.1,98.182,110,2,0,1,110,41716,41607,1.29e-42,193
KF220657.1,MN701975.1,100.000,93,0,0,40075,40167,1642,1550,1.68e-36,172
KF220657.1,MN701975.1,100.000,92,0,0,46162,46253,41716,41625,6.05e-36,171
KF220657.1,MN701975.1,97.619,84,2,0,14837,14920,13317,13234,3.67e-28,145
KF220657.1,MN701975.1,97.619,84,2,0,11685,11768,16469,16386,3.67e-28,145
KF220657.1,MN701975.1,94.340,53,3,0,44525,44577,46008,46060,2.92e-09,82.4
KF220657.1,MN701975.1,94.340,53,3,0,44459,44511,46074,46126,2.92e-09,82.4
KF220657.1,MN092230.1,99.989,44612,5,0,1,44612,1550,46161,0.0,82356
KF220657.1,MN092230.1,100.000,1641,0,0,44613,46253,1,1641,0.0,3031
KF220657.1,MN092230.1,98.182,110,2,0,1,110,41716,41607,1.29e-42,193
KF220657.1,MN092230.1,100.000,93,0,0,40075,40167,1642,1550,1.68e-36,172
KF220657.1,MN092230.1,100.000,92,0,0,46162,46253,41716,41625,6.05e-36,171
KF220657.1,MN092230.1,97.619,84,2,0,14837,14920,13317,13234,3.67e-28,145
KF220657.1,MN092230.1,97.619,84,2,0,11685,11768,16469,16386,3.67e-28,145
KF220657.1,MN092230.1,94.340,53,3,0,44525,44577,46008,46060,2.92e-09,82.4
KF220657.1,MN092230.1,94.340,53,3,0,44459,44511,46074,46126,2.92e-09,82.4
KF220657.1,MH286945.1,99.989,44612,5,0,1,44612,1550,46161,0.0,82356
KF220657.1,MH286945.1,100.000,1641,0,0,44613,46253,1,1641,0.0,3031
KF220657.1,MH286945.1,98.182,110,2,0,1,110,41716,41607,1.29e-42,193
KF220657.1,MH286945.1,100.000,93,0,0,40075,40167,1642,1550,1.68e-36,172
KF220657.1,MH286945.1,100.000,92,0,0,46162,46253,41716,41625,6.05e-36,171
KF220657.1,MH286945.1,97.619,84,2,0,14837,14920,13317,13234,3.67e-28,145
KF220657.1,MH286945.1,97.619,84,2,0,11685,11768,16469,16386,3.67e-28,145
KF220657.1,MH286945.1,94.340,53,3,0,44525,44577,46008,46060,2.92e-09,82.4
KF220657.1,MH286945.1,94.340,53,3,0,44459,44511,46074,46126,2.92e-09,82.4
KF220657.1,MK033581.1,99.989,44612,5,0,1,44612,1550,46161,0.0,82356
KF220657.1,MK033581.1,100.000,1641,0,0,44613,46253,1,1641,0.0,3031
KF220657.1,MK033581.1,98.182,110,2,0,1,110,41716,41607,1.29e-42,193
KF220657.1,MK033581.1,100.000,93,0,0,40075,40167,1642,1550,1.68e-36,172
KF220657.1,MK033581.1,100.000,92,0,0,46162,46253,41716,41625,6.05e-36,171
KF220657.1,MK033581.1,97.619,84,2,0,14837,14920,13317,13234,3.67e-28,145
KF220657.1,MK033581.1,97.619,84,2,0,11685,11768,16469,16386,3.67e-28,145
KF220657.1,MK033581.1,94.340,53,3,0,44525,44577,46008,46060,2.92e-09,82.4
KF220657.1,MK033581.1,94.340,53,3,0,44459,44511,46074,46126,2.92e-09,82.4
KF220657.1,MF458176.1,99.989,44612,5,0,1,44612,1550,46161,0.0,82356
KF220657.1,MF458176.1,100.000,1641,0,0,44613,46253,1,1641,0.0,3031
KF220657.1,MF458176.1,98.182,110,2,0,1,110,41716,41607,1.29e-42,193
KF220657.1,MF458176.1,100.000,93,0,0,40075,40167,1642,1550,1.68e-36,172
KF220657.1,MF458176.1,100.000,92,0,0,46162,46253,41716,41625,6.05e-36,171
KF220657.1,MF458176.1,97.619,84,2,0,14837,14920,13317,13234,3.67e-28,145
KF220657.1,MF458176.1,97.619,84,2,0,11685,11768,16469,16386,3.67e-28,145
KF220657.1,MF458176.1,94.340,53,3,0,44525,44577,46008,46060,2.92e-09,82.4
KF220657.1,MF458176.1,94.340,53,3,0,44459,44511,46074,46126,2.92e-09,82.4
KF220657.1,MN017707.1,99.987,44612,6,0,1,44612,1550,46161,0.0,82350
KF220657.1,MN017707.1,100.000,1641,0,0,44613,46253,1,1641,0.0,3031
KF220657.1,MN017707.1,98.182,110,2,0,1,110,41716,41607,1.29e-42,193
KF220657.1,MN017707.1,100.000,93,0,0,40075,40167,1642,1550,1.68e-36,172
KF220657.1,MN017707.1,100.000,92,0,0,46162,46253,41716,41625,6.05e-36,171
KF220657.1,MN017707.1,97.619,84,2,0,14837,14920,13317,13234,3.67e-28,145
KF220657.1,MN017707.1,97.619,84,2,0,11685,11768,16469,16386,3.67e-28,145
KF220657.1,MN017707.1,94.340,53,3,0,44525,44577,46008,46060,2.92e-09,82.4
KF220657.1,MN017707.1,94.340,53,3,0,44459,44511,46074,46126,2.92e-09,82.4
KF220657.1,MN701974.1,99.984,44612,7,0,1,44612,1550,46161,0.0,82345
KF220657.1,MN701974.1,100.000,1641,0,0,44613,46253,1,1641,0.0,3031
KF220657.1,MN701974.1,98.182,110,2,0,1,110,41716,41607,1.29e-42,193
KF220657.1,MN701974.1,100.000,93,0,0,40075,40167,1642,1550,1.68e-36,172
KF220657.1,MN701974.1,100.000,92,0,0,46162,46253,41716,41625,6.05e-36,171
KF220657.1,MN701974.1,97.619,84,2,0,14837,14920,13317,13234,3.67e-28,145
KF220657.1,MN701974.1,97.619,84,2,0,11685,11768,16469,16386,3.67e-28,145
KF220657.1,MN701974.1,94.340,53,3,0,44525,44577,46008,46060,2.92e-09,82.4
KF220657.1,MN701974.1,94.340,53,3,0,44459,44511,46074,46126,2.92e-09,82.4
KF220657.1,MK033580.1,99.984,44612,7,0,1,44612,1550,46161,0.0,82345
KF220657.1,MK033580.1,100.000,1641,0,0,44613,46253,1,1641,0.0,3031
KF220657.1,MK033580.1,98.182,110,2,0,1,110,41716,41607,1.29e-42,193
KF220657.1,MK033580.1,100.000,93,0,0,40075,40167,1642,1550,1.68e-36,172
KF220657.1,MK033580.1,100.000,92,0,0,46162,46253,41716,41625,6.05e-36,171
KF220657.1,MK033580.1,97.619,84,2,0,14837,14920,13317,13234,3.67e-28,145
KF220657.1,MK033580.1,97.619,84,2,0,11685,11768,16469,16386,3.67e-28,145
KF220657.1,MK033580.1,94.340,53,3,0,44525,44577,46008,46060,2.92e-09,82.4
KF220657.1,MK033580.1,94.340,53,3,0,44459,44511,46074,46126,2.92e-09,82.4
KF220657.1,MH286948.1,99.982,44612,8,0,1,44612,1550,46161,0.0,82339
KF220657.1,MH286948.1,100.000,1641,0,0,44613,46253,1,1641,0.0,3031
KF220657.1,MH286948.1,98.182,110,2,0,1,110,41716,41607,1.29e-42,193
KF220657.1,MH286948.1,100.000,93,0,0,40075,40167,1642,1550,1.68e-36,172
KF220657.1,MH286948.1,100.000,92,0,0,46162,46253,41716,41625,6.05e-36,171
KF220657.1,MH286948.1,97.619,84,2,0,14837,14920,13317,13234,3.67e-28,145
KF220657.1,MH286948.1,97.619,84,2,0,11685,11768,16469,16386,3.67e-28,145
KF220657.1,MH286948.1,94.340,53,3,0,44525,44577,46008,46060,2.92e-09,82.4
KF220657.1,MH286948.1,94.340,53,3,0,44459,44511,46074,46126,2.92e-09,82.4
KF220657.1,MK033578.1,99.982,44612,8,0,1,44612,1550,46161,0.0,82339
KF220657.1,MK033578.1,100.000,1641,0,0,44613,46253,1,1641,0.0,3031
KF220657.1,MK033578.1,98.182,110,2,0,1,110,41716,41607,1.29e-42,193
KF220657.1,MK033578.1,100.000,93,0,0,40075,40167,1642,1550,1.68e-36,172
KF220657.1,MK033578.1,100.000,92,0,0,46162,46253,41716,41625,6.05e-36,171
KF220657.1,MK033578.1,97.619,84,2,0,14837,14920,13317,13234,3.67e-28,145
KF220657.1,MK033578.1,97.619,84,2,0,11685,11768,16469,16386,3.67e-28,145
KF220657.1,MK033578.1,94.340,53,3,0,44525,44577,46008,46060,2.92e-09,82.4
KF220657.1,MK033578.1,94.340,53,3,0,44459,44511,46074,46126,2.92e-09,82.4
KF220657.1,MH523639.1,99.982,44612,8,0,1,44612,1550,46161,0.0,82339
KF220657.1,MH523639.1,100.000,1641,0,0,44613,46253,1,1641,0.0,3031
KF220657.1,MH523639.1,98.182,110,2,0,1,110,41716,41607,1.29e-42,193
KF220657.1,MH523639.1,100.000,93,0,0,40075,40167,1642,1550,1.68e-36,172
KF220657.1,MH523639.1,100.000,92,0,0,46162,46253,41716,41625,6.05e-36,171
KF220657.1,MH523639.1,97.619,84,2,0,14837,14920,13317,13234,3.67e-28,145
KF220657.1,MH523639.1,97.619,84,2,0,11685,11768,16469,16386,3.67e-28,145
KF220657.1,MH523639.1,94.340,53,3,0,44525,44577,46008,46060,2.92e-09,82.4
KF220657.1,MH523639.1,94.340,53,3,0,44459,44511,46074,46126,2.92e-09,82.4
KF220657.1,MN335922.1,99.980,44612,9,0,1,44612,1550,46161,0.0,82333
KF220657.1,MN335922.1,99.939,1641,1,0,44613,46253,1,1641,0.0,3025
KF220657.1,MN335922.1,98.182,110,2,0,1,110,41716,41607,1.29e-42,193
KF220657.1,MN335922.1,100.000,93,0,0,40075,40167,1642,1550,1.68e-36,172
KF220657.1,MN335922.1,100.000,92,0,0,46162,46253,41716,41625,6.05e-36,171
KF220657.1,MN335922.1,97.619,84,2,0,14837,14920,13317,13234,3.67e-28,145
KF220657.1,MN335922.1,97.619,84,2,0,11685,11768,16469,16386,3.67e-28,145
KF220657.1,MN335922.1,94.340,53,3,0,44525,44577,46008,46060,2.92e-09,82.4
KF220657.1,MN335922.1,94.340,53,3,0,44459,44511,46074,46126,2.92e-09,82.4
KF220657.1,MK033583.1,99.980,44612,9,0,1,44612,1550,46161,0.0,82333
KF220657.1,MK033583.1,100.000,1641,0,0,44613,46253,1,1641,0.0,3031
KF220657.1,MK033583.1,98.182,110,2,0,1,110,41716,41607,1.29e-42,193
KF220657.1,MK033583.1,100.000,93,0,0,40075,40167,1642,1550,1.68e-36,172
KF220657.1,MK033583.1,100.000,92,0,0,46162,46253,41716,41625,6.05e-36,171
KF220657.1,MK033583.1,97.619,84,2,0,14837,14920,13317,13234,3.67e-28,145
KF220657.1,MK033583.1,97.619,84,2,0,11685,11768,16469,16386,3.67e-28,145
KF220657.1,MK033583.1,94.340,53,3,0,44525,44577,46008,46060,2.92e-09,82.4
KF220657.1,MK033583.1,94.340,53,3,0,44459,44511,46074,46126,2.92e-09,82.4
KF220657.1,MK033579.1,99.980,44612,9,0,1,44612,1550,46161,0.0,82333
KF220657.1,MK033579.1,100.000,1641,0,0,44613,46253,1,1641,0.0,3031
KF220657.1,MK033579.1,98.182,110,2,0,1,110,41716,41607,1.29e-42,193
KF220657.1,MK033579.1,100.000,93,0,0,40075,40167,1642,1550,1.68e-36,172
KF220657.1,MK033579.1,100.000,92,0,0,46162,46253,41716,41625,6.05e-36,171
KF220657.1,MK033579.1,97.619,84,2,0,14837,14920,13317,13234,3.67e-28,145
KF220657.1,MK033579.1,97.619,84,2,0,11685,11768,16469,16386,3.67e-28,145
KF220657.1,MK033579.1,94.340,53,3,0,44525,44577,46008,46060,2.92e-09,82.4
KF220657.1,MK033579.1,94.340,53,3,0,44459,44511,46074,46126,2.92e-09,82.4
KF220657.1,CP019073.1,99.957,44612,5,14,1,44612,1548,46145,0.0,82265
KF220657.1,CP019073.1,99.878,1641,0,2,44613,46253,1,1639,0.0,3018
KF220657.1,CP019073.1,98.182,110,2,0,1,110,41706,41597,1.29e-42,193
KF220657.1,CP019073.1,100.000,93,0,0,40075,40167,1640,1548,1.68e-36,172
KF220657.1,CP019073.1,100.000,92,0,0,46162,46253,41706,41615,6.05e-36,171
KF220657.1,CP019073.1,97.619,84,2,0,14837,14920,13309,13226,3.67e-28,145
KF220657.1,CP019073.1,97.619,84,2,0,11685,11768,16460,16377,3.67e-28,145
KF220657.1,CP019073.1,94.340,53,3,0,44525,44577,45992,46044,2.92e-09,82.4
KF220657.1,CP019073.1,94.340,53,3,0,44459,44511,46058,46110,2.92e-09,82.4
KF220657.1,KX833071.1,99.948,44612,23,0,1,44612,1550,46161,0.0,82256
KF220657.1,KX833071.1,100.000,1641,0,0,44613,46253,1,1641,0.0,3031
KF220657.1,KX833071.1,98.182,110,2,0,1,110,41716,41607,1.29e-42,193
KF220657.1,KX833071.1,100.000,93,0,0,40075,40167,1642,1550,1.68e-36,172
KF220657.1,KX833071.1,100.000,92,0,0,46162,46253,41716,41625,6.05e-36,171
KF220657.1,KX833071.1,97.619,84,2,0,14837,14920,13317,13234,3.67e-28,145
KF220657.1,KX833071.1,97.619,84,2,0,11685,11768,16469,16386,3.67e-28,145
KF220657.1,KX833071.1,94.340,53,3,0,44525,44577,46008,46060,2.92e-09,82.4
KF220657.1,KX833071.1,94.340,53,3,0,44459,44511,46074,46126,2.92e-09,82.4
KF220657.1,MK773535.1,99.812,44614,81,3,1,44612,1550,46162,0.0,81918
KF220657.1,MK773535.1,100.000,1641,0,0,44613,46253,1,1641,0.0,3031
KF220657.1,MK773535.1,98.182,110,2,0,1,110,41717,41608,1.29e-42,193
KF220657.1,MK773535.1,100.000,93,0,0,40075,40167,1642,1550,1.68e-36,172
KF220657.1,MK773535.1,100.000,92,0,0,46162,46253,41717,41626,6.05e-36,171
KF220657.1,MK773535.1,97.619,84,2,0,14837,14920,13318,13235,3.67e-28,145
KF220657.1,MK773535.1,97.619,84,2,0,11685,11768,16470,16387,3.67e-28,145
KF220657.1,MK773535.1,94.340,53,3,0,44525,44577,46009,46061,2.92e-09,82.4
KF220657.1,MK773535.1,94.340,53,3,0,44459,44511,46075,46127,2.92e-09,82.4
KF220657.1,CP021738.1,99.986,44080,4,2,2174,46253,1,44078,0.0,81366
KF220657.1,CP021738.1,100.000,2173,0,0,1,2173,43987,46159,0.0,4013
KF220657.1,CP021738.1,98.182,110,2,0,1,110,37994,37885,1.29e-42,193
KF220657.1,CP021738.1,100.000,93,0,0,40075,40167,44079,43987,1.68e-36,172
KF220657.1,CP021738.1,100.000,92,0,0,46162,46253,37994,37903,6.05e-36,171
KF220657.1,CP021738.1,97.619,84,2,0,14837,14920,9595,9512,3.67e-28,145
KF220657.1,CP021738.1,97.619,84,2,0,11685,11768,12747,12664,3.67e-28,145
KF220657.1,CP021738.1,94.340,53,3,0,44525,44577,42284,42336,2.92e-09,82.4
KF220657.1,CP021738.1,94.340,53,3,0,44459,44511,42350,42402,2.92e-09,82.4
KF220657.1,CP036312.1,99.989,44026,5,0,1,44026,44026,1,0.0,81274
KF220657.1,CP036312.1,100.000,2227,0,0,44027,46253,46161,43935,0.0,4113
KF220657.1,CP036312.1,98.182,110,2,0,1,110,3860,3969,1.29e-42,193
KF220657.1,CP036312.1,100.000,93,0,0,40075,40167,43934,44026,1.68e-36,172
KF220657.1,CP036312.1,100.000,92,0,0,46162,46253,3860,3951,6.05e-36,171
KF220657.1,CP036312.1,97.619,84,2,0,11685,11768,29107,29190,3.67e-28,145
KF220657.1,CP036312.1,97.619,84,2,0,14837,14920,32259,32342,3.67e-28,145
KF220657.1,CP036312.1,94.340,53,3,0,44459,44511,45663,45611,2.92e-09,82.4
KF220657.1,CP036312.1,94.340,53,3,0,44525,44577,45729,45677,2.92e-09,82.4
KF220657.1,MN276078.1,99.991,43846,4,0,1,43846,2316,46161,0.0,80947
KF220657.1,MN276078.1,100.000,2407,0,0,43847,46253,1,2407,0.0,4446
KF220657.1,MN276078.1,98.182,110,2,0,1,110,42482,42373,1.29e-42,193
KF220657.1,MN276078.1,100.000,93,0,0,40075,40167,2408,2316,1.68e-36,172
KF220657.1,MN276078.1,100.000,92,0,0,46162,46253,42482,42391,6.05e-36,171
KF220657.1,MN276078.1,97.619,84,2,0,14837,14920,14083,14000,3.67e-28,145
KF220657.1,MN276078.1,97.619,84,2,0,11685,11768,17235,17152,3.67e-28,145
KF220657.1,MN276078.1,94.340,53,3,0,44525,44577,613,665,2.92e-09,82.4
KF220657.1,MN276078.1,94.340,53,3,0,44459,44511,679,731,2.92e-09,82.4
KF220657.1,MN276081.1,99.989,43846,5,0,1,43846,2316,46161,0.0,80941
KF220657.1,MN276081.1,100.000,2407,0,0,43847,46253,1,2407,0.0,4446
KF220657.1,MN276081.1,98.182,110,2,0,1,110,42482,42373,1.29e-42,193
KF220657.1,MN276081.1,100.000,93,0,0,40075,40167,2408,2316,1.68e-36,172
KF220657.1,MN276081.1,100.000,92,0,0,46162,46253,42482,42391,6.05e-36,171
KF220657.1,MN276081.1,97.619,84,2,0,14837,14920,14083,14000,3.67e-28,145
KF220657.1,MN276081.1,97.619,84,2,0,11685,11768,17235,17152,3.67e-28,145
KF220657.1,MN276081.1,94.340,53,3,0,44525,44577,613,665,2.92e-09,82.4
KF220657.1,MN276081.1,94.340,53,3,0,44459,44511,679,731,2.92e-09,82.4
KF220657.1,MN276080.1,99.989,43846,5,0,1,43846,2316,46161,0.0,80941
KF220657.1,MN276080.1,100.000,2407,0,0,43847,46253,1,2407,0.0,4446
KF220657.1,MN276080.1,98.182,110,2,0,1,110,42482,42373,1.29e-42,193
KF220657.1,MN276080.1,100.000,93,0,0,40075,40167,2408,2316,1.68e-36,172
KF220657.1,MN276080.1,100.000,92,0,0,46162,46253,42482,42391,6.05e-36,171
KF220657.1,MN276080.1,97.619,84,2,0,14837,14920,14083,14000,3.67e-28,145
KF220657.1,MN276080.1,97.619,84,2,0,11685,11768,17235,17152,3.67e-28,145
KF220657.1,MN276080.1,94.340,53,3,0,44525,44577,613,665,2.92e-09,82.4
KF220657.1,MN276080.1,94.340,53,3,0,44459,44511,679,731,2.92e-09,82.4
KF220657.1,MN276079.1,99.989,43846,5,0,1,43846,2316,46161,0.0,80941
KF220657.1,MN276079.1,100.000,2407,0,0,43847,46253,1,2407,0.0,4446
KF220657.1,MN276079.1,98.182,110,2,0,1,110,42482,42373,1.29e-42,193
KF220657.1,MN276079.1,100.000,93,0,0,40075,40167,2408,2316,1.68e-36,172
KF220657.1,MN276079.1,100.000,92,0,0,46162,46253,42482,42391,6.05e-36,171
KF220657.1,MN276079.1,97.619,84,2,0,14837,14920,14083,14000,3.67e-28,145
KF220657.1,MN276079.1,97.619,84,2,0,11685,11768,17235,17152,3.67e-28,145
KF220657.1,MN276079.1,94.340,53,3,0,44525,44577,613,665,2.92e-09,82.4
KF220657.1,MN276079.1,94.340,53,3,0,44459,44511,679,731,2.92e-09,82.4
KF220657.1,MN200942.1,99.866,44024,16,34,1,44024,997,44977,0.0,80930
KF220657.1,MN200942.1,97.766,1164,4,18,44025,45188,46686,47827,0.0,1986
KF220657.1,MN200942.1,96.975,1091,4,20,45189,46253,1,1088,0.0,1805
KF220657.1,MN200942.1,98.182,110,2,0,1,110,41135,41026,1.29e-42,193
KF220657.1,MN200942.1,100.000,93,0,0,40075,40167,1089,997,1.68e-36,172
KF220657.1,MN200942.1,100.000,92,0,0,46162,46253,41135,41044,6.05e-36,171
KF220657.1,MN200942.1,97.619,84,2,0,14837,14920,12764,12681,3.67e-28,145
KF220657.1,MN200942.1,97.619,84,2,0,11685,11768,15916,15833,3.67e-28,145
KF220657.1,MN200942.1,94.340,53,3,0,44525,44577,47110,47162,2.92e-09,82.4
KF220657.1,MN200942.1,93.617,47,3,0,44462,44508,47178,47224,6.31e-06,71.3
KF220657.1,MH234499.1,99.979,43606,9,0,1,43606,1409,45014,0.0,80476
KF220657.1,MH234499.1,99.933,1500,1,0,44754,46253,1,1500,0.0,2765
KF220657.1,MH234499.1,100.000,1151,0,0,43603,44753,46699,47849,0.0,2126
KF220657.1,MH234499.1,98.182,110,2,0,1,110,41575,41466,1.29e-42,193
KF220657.1,MH234499.1,100.000,93,0,0,40075,40167,1501,1409,1.68e-36,172
KF220657.1,MH234499.1,100.000,92,0,0,46162,46253,41575,41484,6.05e-36,171
KF220657.1,MH234499.1,97.619,84,2,0,14837,14920,13176,13093,3.67e-28,145
KF220657.1,MH234499.1,97.619,84,2,0,11685,11768,16328,16245,3.67e-28,145
KF220657.1,MH234499.1,94.340,53,3,0,44525,44577,47555,47607,2.92e-09,82.4
KF220657.1,MH234499.1,94.340,53,3,0,44459,44511,47621,47673,2.92e-09,82.4
KF220657.1,AP022249.1,99.979,43360,6,2,1,43360,43357,1,0.0,80018
KF220657.1,AP022249.1,100.000,2893,0,0,43361,46253,46158,43266,0.0,5343
KF220657.1,AP022249.1,98.182,110,2,0,1,110,3191,3300,1.29e-42,193
KF220657.1,AP022249.1,100.000,93,0,0,40075,40167,43265,43357,1.68e-36,172
KF220657.1,AP022249.1,100.000,92,0,0,46162,46253,3191,3282,6.05e-36,171
KF220657.1,AP022249.1,97.619,84,2,0,11685,11768,28438,28521,3.67e-28,145
KF220657.1,AP022249.1,97.619,84,2,0,14837,14920,31590,31673,3.67e-28,145
KF220657.1,AP022249.1,94.340,53,3,0,44459,44511,44994,44942,2.92e-09,82.4
KF220657.1,AP022249.1,94.340,53,3,0,44525,44577,45060,45008,2.92e-09,82.4
KF220657.1,CP022351.1,99.945,43363,4,20,1,43359,43347,1,0.0,79925
KF220657.1,CP022351.1,100.000,2894,0,0,43360,46253,46149,43256,0.0,5345
KF220657.1,CP022351.1,98.182,110,2,0,1,110,3186,3295,1.29e-42,193
KF220657.1,CP022351.1,100.000,93,0,0,40075,40167,43255,43347,1.68e-36,172
KF220657.1,CP022351.1,100.000,92,0,0,46162,46253,3186,3277,6.05e-36,171
KF220657.1,CP022351.1,97.619,84,2,0,11685,11768,28428,28511,3.67e-28,145
KF220657.1,CP022351.1,97.619,84,2,0,14837,14920,31580,31663,3.67e-28,145
KF220657.1,CP022351.1,94.340,53,3,0,44459,44511,44984,44932,2.92e-09,82.4
KF220657.1,CP022351.1,94.340,53,3,0,44525,44577,45050,44998,2.92e-09,82.4
KF220657.1,MK757468.1,99.919,43362,7,27,1,43359,43337,1,0.0,79855
KF220657.1,MK757468.1,99.965,2894,0,1,43360,46253,46138,43246,0.0,5337
KF220657.1,MK757468.1,98.182,110,2,0,1,110,3193,3302,1.29e-42,193
KF220657.1,MK757468.1,100.000,93,0,0,40075,40167,43245,43337,1.68e-36,172
KF220657.1,MK757468.1,100.000,92,0,0,46162,46253,3193,3284,6.05e-36,171
KF220657.1,MK757468.1,97.619,84,2,0,11685,11768,28431,28514,3.67e-28,145
KF220657.1,MK757468.1,97.619,84,2,0,14837,14920,31583,31666,3.67e-28,145
KF220657.1,MK757468.1,94.340,53,3,0,44459,44511,44974,44922,2.92e-09,82.4
KF220657.1,MK757468.1,94.340,53,3,0,44525,44577,45040,44988,2.92e-09,82.4
KF220657.1,MN073498.1,99.834,43377,7,62,1,43359,43330,1,0.0,79643
KF220657.1,MN073498.1,99.793,2899,0,6,43360,46253,46136,43239,0.0,5315
KF220657.1,MN073498.1,98.182,110,2,0,1,110,3186,3295,1.29e-42,193
KF220657.1,MN073498.1,100.000,93,0,0,40075,40167,43238,43330,1.68e-36,172
KF220657.1,MN073498.1,100.000,92,0,0,46162,46253,3186,3277,6.05e-36,171
KF220657.1,MN073498.1,97.619,84,2,0,11685,11768,28418,28501,3.67e-28,145
KF220657.1,MN073498.1,97.619,84,2,0,14837,14920,31569,31652,3.67e-28,145
KF220657.1,MN073498.1,94.340,53,3,0,44459,44511,44971,44919,2.92e-09,82.4
KF220657.1,MN073498.1,94.340,53,3,0,44525,44577,45037,44985,2.92e-09,82.4
KF220657.1,MN865121.1,99.984,42790,7,0,3464,46253,1,42790,0.0,78980
KF220657.1,MN865121.1,99.971,3463,1,0,1,3463,42699,46161,0.0,6390
KF220657.1,MN865121.1,98.182,110,2,0,1,110,36704,36595,1.29e-42,193
KF220657.1,MN865121.1,100.000,92,0,0,46162,46253,36704,36613,6.05e-36,171
KF220657.1,MN865121.1,98.925,93,1,0,40075,40167,42791,42699,7.82e-35,167
KF220657.1,MN865121.1,97.619,84,2,0,14837,14920,8305,8222,3.67e-28,145
KF220657.1,MN865121.1,97.619,84,2,0,11685,11768,11457,11374,3.67e-28,145
KF220657.1,MN865121.1,94.340,53,3,0,44525,44577,40996,41048,2.92e-09,82.4
KF220657.1,MN865121.1,94.340,53,3,0,44459,44511,41062,41114,2.92e-09,82.4
KF220657.1,LC536680.1,99.981,42788,8,0,3466,46253,46161,3374,0.0,78971
KF220657.1,LC536680.1,99.971,3465,1,0,1,3465,3465,1,0.0,6394
KF220657.1,LC536680.1,98.182,110,2,0,1,110,9460,9569,1.29e-42,193
KF220657.1,LC536680.1,100.000,93,0,0,40075,40167,3373,3465,1.68e-36,172
KF220657.1,LC536680.1,100.000,92,0,0,46162,46253,9460,9551,6.05e-36,171
KF220657.1,LC536680.1,97.619,84,2,0,11685,11768,34707,34790,3.67e-28,145
KF220657.1,LC536680.1,97.619,84,2,0,14837,14920,37859,37942,3.67e-28,145
KF220657.1,LC536680.1,94.340,53,3,0,44459,44511,5102,5050,2.92e-09,82.4
KF220657.1,LC536680.1,94.340,53,3,0,44525,44577,5168,5116,2.92e-09,82.4
KF220657.1,CP070442.1,99.977,42790,10,0,3464,46253,46161,3372,0.0,78963
KF220657.1,CP070442.1,100.000,3463,0,0,1,3463,3463,1,0.0,6396
KF220657.1,CP070442.1,98.182,110,2,0,1,110,9458,9567,1.29e-42,193
KF220657.1,CP070442.1,100.000,93,0,0,40075,40167,3371,3463,1.68e-36,172
KF220657.1,CP070442.1,100.000,92,0,0,46162,46253,9458,9549,6.05e-36,171
KF220657.1,CP070442.1,97.619,84,2,0,11685,11768,34705,34788,3.67e-28,145
KF220657.1,CP070442.1,97.619,84,2,0,14837,14920,37857,37940,3.67e-28,145
KF220657.1,CP070442.1,94.340,53,3,0,44459,44511,5100,5048,2.92e-09,82.4
KF220657.1,CP070442.1,94.340,53,3,0,44525,44577,5166,5114,2.92e-09,82.4
KF220657.1,MN175389.1,99.988,42774,5,0,1,42774,3388,46161,0.0,78962
KF220657.1,MN175389.1,99.971,3479,1,0,42775,46253,1,3479,0.0,6420
KF220657.1,MN175389.1,98.182,110,2,0,1,110,43554,43445,1.29e-42,193
KF220657.1,MN175389.1,100.000,93,0,0,40075,40167,3480,3388,1.68e-36,172
KF220657.1,MN175389.1,100.000,92,0,0,46162,46253,43554,43463,6.05e-36,171
KF220657.1,MN175389.1,97.619,84,2,0,14837,14920,15155,15072,3.67e-28,145
KF220657.1,MN175389.1,97.619,84,2,0,11685,11768,18307,18224,3.67e-28,145
KF220657.1,MN175389.1,94.340,53,3,0,44525,44577,1685,1737,2.92e-09,82.4
KF220657.1,MN175389.1,94.340,53,3,0,44459,44511,1751,1803,2.92e-09,82.4
KF220657.1,AP023202.1,99.972,42793,5,7,3464,46253,46160,3372,0.0,78950
KF220657.1,AP023202.1,100.000,3463,0,0,1,3463,3463,1,0.0,6396
KF220657.1,AP023202.1,98.182,110,2,0,1,110,9458,9567,1.29e-42,193
KF220657.1,AP023202.1,100.000,93,0,0,40075,40167,3371,3463,1.68e-36,172
KF220657.1,AP023202.1,100.000,92,0,0,46162,46253,9458,9549,6.05e-36,171
KF220657.1,AP023202.1,97.619,84,2,0,11685,11768,34705,34788,3.67e-28,145
KF220657.1,AP023202.1,97.619,84,2,0,14837,14920,37857,37940,3.67e-28,145
KF220657.1,AP023202.1,94.340,53,3,0,44459,44511,5100,5048,2.92e-09,82.4
KF220657.1,AP023202.1,94.340,53,3,0,44525,44577,5166,5114,2.92e-09,82.4
KF220657.1,CP049352.1,99.845,42577,8,45,3684,46253,1,42526,0.0,78206
KF220657.1,CP049352.1,100.000,3684,0,0,1,3684,42435,46118,0.0,6804
KF220657.1,CP049352.1,98.182,110,2,0,1,110,36440,36331,1.29e-42,193
KF220657.1,CP049352.1,100.000,93,0,0,40075,40167,42527,42435,1.68e-36,172
KF220657.1,CP049352.1,100.000,92,0,0,46162,46253,36440,36349,6.05e-36,171
KF220657.1,CP049352.1,97.619,84,2,0,14837,14920,8042,7959,3.67e-28,145
KF220657.1,CP049352.1,97.619,84,2,0,11685,11768,11193,11110,3.67e-28,145
KF220657.1,CP049352.1,94.340,53,3,0,44525,44577,40732,40784,2.92e-09,82.4
KF220657.1,CP049352.1,94.340,53,3,0,44459,44511,40798,40850,2.92e-09,82.4
KF220657.1,CP043333.1,99.988,42363,5,0,3891,46253,1,42363,0.0,78203
KF220657.1,CP043333.1,100.000,3890,0,0,1,3890,42272,46161,0.0,7184
KF220657.1,CP043333.1,98.182,110,2,0,1,110,36277,36168,1.29e-42,193
KF220657.1,CP043333.1,100.000,93,0,0,40075,40167,42364,42272,1.68e-36,172
KF220657.1,CP043333.1,100.000,92,0,0,46162,46253,36277,36186,6.05e-36,171
KF220657.1,CP043333.1,97.619,84,2,0,14837,14920,7878,7795,3.67e-28,145
KF220657.1,CP043333.1,97.619,84,2,0,11685,11768,11030,10947,3.67e-28,145
KF220657.1,CP043333.1,94.340,53,3,0,44525,44577,40569,40621,2.92e-09,82.4
KF220657.1,CP043333.1,94.340,53,3,0,44459,44511,40635,40687,2.92e-09,82.4
KF220657.1,CP034744.1,99.990,41414,4,0,4840,46253,46161,4748,0.0,76456
KF220657.1,CP034744.1,100.000,4839,0,0,1,4839,4839,1,0.0,8937
KF220657.1,CP034744.1,98.182,110,2,0,1,110,10834,10943,1.29e-42,193
KF220657.1,CP034744.1,100.000,93,0,0,40075,40167,4747,4839,1.68e-36,172
KF220657.1,CP034744.1,100.000,92,0,0,46162,46253,10834,10925,6.05e-36,171
KF220657.1,CP034744.1,97.619,84,2,0,11685,11768,36081,36164,3.67e-28,145
KF220657.1,CP034744.1,97.619,84,2,0,14837,14920,39233,39316,3.67e-28,145
KF220657.1,CP034744.1,94.340,53,3,0,44459,44511,6476,6424,2.92e-09,82.4
KF220657.1,CP034744.1,94.340,53,3,0,44525,44577,6542,6490,2.92e-09,82.4
KF220657.1,CP048028.1,99.971,40857,12,0,5397,46253,46161,5305,0.0,75383
KF220657.1,CP048028.1,100.000,5396,0,0,1,5396,5396,1,0.0,9965
KF220657.1,CP048028.1,98.182,110,2,0,1,110,11391,11500,1.29e-42,193
KF220657.1,CP048028.1,100.000,93,0,0,40075,40167,5304,5396,1.68e-36,172
KF220657.1,CP048028.1,100.000,92,0,0,46162,46253,11391,11482,6.05e-36,171
KF220657.1,CP048028.1,97.619,84,2,0,11685,11768,36638,36721,3.67e-28,145
KF220657.1,CP048028.1,97.619,84,2,0,14837,14920,39790,39873,3.67e-28,145
KF220657.1,CP048028.1,94.340,53,3,0,44459,44511,7033,6981,2.92e-09,82.4
KF220657.1,CP048028.1,94.340,53,3,0,44525,44577,7099,7047,2.92e-09,82.4
KF220657.1,MG825384.1,99.990,40795,4,0,5459,46253,46161,5367,0.0,75313
KF220657.1,MG825384.1,100.000,5458,0,0,1,5458,5458,1,0.0,10080
KF220657.1,MG825384.1,98.182,110,2,0,1,110,11453,11562,1.29e-42,193
KF220657.1,MG825384.1,100.000,93,0,0,40075,40167,5366,5458,1.68e-36,172
KF220657.1,MG825384.1,100.000,92,0,0,46162,46253,11453,11544,6.05e-36,171
KF220657.1,MG825384.1,97.619,84,2,0,11685,11768,36700,36783,3.67e-28,145
KF220657.1,MG825384.1,97.619,84,2,0,14837,14920,39852,39935,3.67e-28,145
KF220657.1,MG825384.1,94.340,53,3,0,44459,44511,7095,7043,2.92e-09,82.4
KF220657.1,MG825384.1,94.340,53,3,0,44525,44577,7161,7109,2.92e-09,82.4
KF220657.1,MG825368.1,99.988,40795,5,0,5459,46253,46161,5367,0.0,75307
KF220657.1,MG825368.1,100.000,5458,0,0,1,5458,5458,1,0.0,10080
KF220657.1,MG825368.1,98.182,110,2,0,1,110,11453,11562,1.29e-42,193
KF220657.1,MG825368.1,100.000,93,0,0,40075,40167,5366,5458,1.68e-36,172
KF220657.1,MG825368.1,100.000,92,0,0,46162,46253,11453,11544,6.05e-36,171
KF220657.1,MG825368.1,97.619,84,2,0,11685,11768,36700,36783,3.67e-28,145
KF220657.1,MG825368.1,97.619,84,2,0,14837,14920,39852,39935,3.67e-28,145
KF220657.1,MG825368.1,94.340,53,3,0,44459,44511,7095,7043,2.92e-09,82.4
KF220657.1,MG825368.1,94.340,53,3,0,44525,44577,7161,7109,2.92e-09,82.4
KF220657.1,MG825382.1,99.985,40795,6,0,5459,46253,46161,5367,0.0,75301
KF220657.1,MG825382.1,100.000,5458,0,0,1,5458,5458,1,0.0,10080
KF220657.1,MG825382.1,98.182,110,2,0,1,110,11453,11562,1.29e-42,193
KF220657.1,MG825382.1,100.000,93,0,0,40075,40167,5366,5458,1.68e-36,172
KF220657.1,MG825382.1,100.000,92,0,0,46162,46253,11453,11544,6.05e-36,171
KF220657.1,MG825382.1,97.619,84,2,0,11685,11768,36700,36783,3.67e-28,145
KF220657.1,MG825382.1,97.619,84,2,0,14837,14920,39852,39935,3.67e-28,145
KF220657.1,MG825382.1,94.340,53,3,0,44459,44511,7095,7043,2.92e-09,82.4
KF220657.1,MG825382.1,94.340,53,3,0,44525,44577,7161,7109,2.92e-09,82.4
KF220657.1,MH347484.1,99.988,40625,5,0,5629,46253,46161,5537,0.0,74993
KF220657.1,MH347484.1,100.000,5628,0,0,1,5628,5628,1,0.0,10394
KF220657.1,MH347484.1,98.182,110,2,0,1,110,11623,11732,1.29e-42,193
KF220657.1,MH347484.1,100.000,93,0,0,40075,40167,5536,5628,1.68e-36,172
KF220657.1,MH347484.1,100.000,92,0,0,46162,46253,11623,11714,6.05e-36,171
KF220657.1,MH347484.1,97.619,84,2,0,11685,11768,36870,36953,3.67e-28,145
KF220657.1,MH347484.1,97.619,84,2,0,14837,14920,40022,40105,3.67e-28,145
KF220657.1,MH347484.1,94.340,53,3,0,44459,44511,7265,7213,2.92e-09,82.4
KF220657.1,MH347484.1,94.340,53,3,0,44525,44577,7331,7279,2.92e-09,82.4
KF220657.1,CP032889.1,99.988,40218,5,0,1,40218,5944,46161,0.0,74241
KF220657.1,CP032889.1,100.000,6035,0,0,40219,46253,1,6035,0.0,11145
KF220657.1,CP032889.1,98.182,110,2,0,1,110,46110,46001,1.29e-42,193
KF220657.1,CP032889.1,100.000,93,0,0,40075,40167,6036,5944,1.68e-36,172
KF220657.1,CP032889.1,100.000,92,0,0,46162,46253,46110,46019,6.05e-36,171
KF220657.1,CP032889.1,97.619,84,2,0,14837,14920,17711,17628,3.67e-28,145
KF220657.1,CP032889.1,97.619,84,2,0,11685,11768,20863,20780,3.67e-28,145
KF220657.1,CP032889.1,94.340,53,3,0,44525,44577,4241,4293,2.92e-09,82.4
KF220657.1,CP032889.1,94.340,53,3,0,44459,44511,4307,4359,2.92e-09,82.4
KF220657.1,CP034965.1,99.988,40217,5,0,1,40217,5945,46161,0.0,74240
KF220657.1,CP034965.1,99.983,6036,1,0,40218,46253,1,6036,0.0,11141
KF220657.1,CP034965.1,98.182,110,2,0,1,110,46111,46002,1.29e-42,193
KF220657.1,CP034965.1,100.000,93,0,0,40075,40167,6037,5945,1.68e-36,172
KF220657.1,CP034965.1,100.000,92,0,0,46162,46253,46111,46020,6.05e-36,171
KF220657.1,CP034965.1,97.619,84,2,0,14837,14920,17712,17629,3.67e-28,145
KF220657.1,CP034965.1,97.619,84,2,0,11685,11768,20864,20781,3.67e-28,145
KF220657.1,CP034965.1,94.340,53,3,0,44525,44577,4242,4294,2.92e-09,82.4
KF220657.1,CP034965.1,94.340,53,3,0,44459,44511,4308,4360,2.92e-09,82.4
KF220657.1,CP059006.1,99.988,40217,5,0,1,40217,5945,46161,0.0,74240
KF220657.1,CP059006.1,99.967,6036,2,0,40218,46253,1,6036,0.0,11136
KF220657.1,CP059006.1,98.182,110,2,0,1,110,46111,46002,1.29e-42,193
KF220657.1,CP059006.1,100.000,93,0,0,40075,40167,6037,5945,1.68e-36,172
KF220657.1,CP059006.1,100.000,92,0,0,46162,46253,46111,46020,6.05e-36,171
KF220657.1,CP059006.1,97.619,84,2,0,14837,14920,17712,17629,3.67e-28,145
KF220657.1,CP059006.1,97.619,84,2,0,11685,11768,20864,20781,3.67e-28,145
KF220657.1,CP059006.1,94.340,53,3,0,44525,44577,4242,4294,2.92e-09,82.4
KF220657.1,CP059006.1,94.340,53,3,0,44459,44511,4308,4360,2.92e-09,82.4
KF220657.1,CP040446.1,99.988,40217,5,0,1,40217,5945,46161,0.0,74240
KF220657.1,CP040446.1,100.000,6036,0,0,40218,46253,1,6036,0.0,11147
KF220657.1,CP040446.1,98.182,110,2,0,1,110,46111,46002,1.29e-42,193
KF220657.1,CP040446.1,100.000,93,0,0,40075,40167,6037,5945,1.68e-36,172
KF220657.1,CP040446.1,100.000,92,0,0,46162,46253,46111,46020,6.05e-36,171
KF220657.1,CP040446.1,97.619,84,2,0,14837,14920,17712,17629,3.67e-28,145
KF220657.1,CP040446.1,97.619,84,2,0,11685,11768,20864,20781,3.67e-28,145
KF220657.1,CP040446.1,94.340,53,3,0,44525,44577,4242,4294,2.92e-09,82.4
KF220657.1,CP040446.1,94.340,53,3,0,44459,44511,4308,4360,2.92e-09,82.4
KF220657.1,MT264996.1,99.985,40165,6,0,6089,46253,1,40165,0.0,74142
KF220657.1,MT264996.1,100.000,5520,0,0,1,5520,40074,45593,0.0,10194
KF220657.1,MT264996.1,98.182,110,2,0,1,110,34079,33970,1.29e-42,193
KF220657.1,MT264996.1,100.000,93,0,0,40075,40167,40166,40074,1.68e-36,172
KF220657.1,MT264996.1,100.000,92,0,0,46162,46253,34079,33988,6.05e-36,171
KF220657.1,MT264996.1,97.619,84,2,0,14837,14920,5680,5597,3.67e-28,145
KF220657.1,MT264996.1,97.619,84,2,0,11685,11768,8832,8749,3.67e-28,145
KF220657.1,MT264996.1,94.340,53,3,0,44525,44577,38371,38423,2.92e-09,82.4
KF220657.1,MT264996.1,94.340,53,3,0,44459,44511,38437,38489,2.92e-09,82.4
KF220657.1,CP059381.1,99.985,40150,5,1,20,40169,1381,41529,0.0,74110
KF220657.1,CP059381.1,100.000,6168,0,0,40075,46242,41554,47721,0.0,11391
KF220657.1,CP059381.1,98.182,110,2,0,1,110,41527,41418,1.29e-42,193
KF220657.1,CP059381.1,100.000,99,0,0,1,99,41646,41548,7.77e-40,183
KF220657.1,CP059381.1,100.000,92,0,0,46162,46253,41527,41436,6.05e-36,171
KF220657.1,CP059381.1,100.000,92,0,0,46162,46253,41646,41555,6.05e-36,171
KF220657.1,CP059381.1,100.000,81,0,0,1,81,47641,47721,7.88e-30,150
KF220657.1,CP059381.1,100.000,81,0,0,40087,40167,47721,47641,7.88e-30,150
KF220657.1,CP059381.1,97.619,84,2,0,14837,14920,13128,13045,3.67e-28,145
KF220657.1,CP059381.1,97.619,84,2,0,11685,11768,16280,16197,3.67e-28,145
KF220657.1,CP059381.1,100.000,74,0,0,40075,40148,1454,1381,6.14e-26,137
KF220657.1,CP059381.1,100.000,73,0,0,46181,46253,1381,1453,2.21e-25,135
KF220657.1,CP059381.1,94.340,53,3,0,44525,44577,45938,45990,2.92e-09,82.4
KF220657.1,CP059381.1,94.340,53,3,0,44459,44511,46004,46056,2.92e-09,82.4
KF220657.1,MN064714.1,99.998,40063,1,0,1,40063,40063,1,0.0,73977
KF220657.1,MN064714.1,100.000,6179,0,0,40075,46253,46150,39972,0.0,11411
KF220657.1,MN064714.1,100.000,100,0,0,1,100,46058,46157,2.16e-40,185
KF220657.1,MN064714.1,100.000,93,0,0,40075,40167,39971,40063,1.68e-36,172
KF220657.1,MN064714.1,100.000,92,0,0,46162,46253,46058,46149,6.05e-36,171
KF220657.1,MN064714.1,97.619,84,2,0,11685,11768,25144,25227,3.67e-28,145
KF220657.1,MN064714.1,97.619,84,2,0,14837,14920,28296,28379,3.67e-28,145
KF220657.1,MN064714.1,94.340,53,3,0,44459,44511,41700,41648,2.92e-09,82.4
KF220657.1,MN064714.1,94.340,53,3,0,44525,44577,41766,41714,2.92e-09,82.4
KF220657.1,KY041843.1,99.990,40040,4,0,6214,46253,287,40326,0.0,73918
KF220657.1,KY041843.1,100.000,5112,0,0,1,5112,40235,45346,0.0,9441
KF220657.1,KY041843.1,100.000,286,0,0,5113,5398,1,286,8.66e-144,529
KF220657.1,KY041843.1,98.182,110,2,0,1,110,34240,34131,1.29e-42,193
KF220657.1,KY041843.1,100.000,93,0,0,40075,40167,40327,40235,1.68e-36,172
KF220657.1,KY041843.1,100.000,92,0,0,46162,46253,34240,34149,6.05e-36,171
KF220657.1,KY041843.1,97.619,84,2,0,14837,14920,5841,5758,3.67e-28,145
KF220657.1,KY041843.1,97.619,84,2,0,11685,11768,8993,8910,3.67e-28,145
KF220657.1,KY041843.1,94.340,53,3,0,44525,44577,38532,38584,2.92e-09,82.4
KF220657.1,KY041843.1,94.340,53,3,0,44459,44511,38598,38650,2.92e-09,82.4
KF220657.1,MK628734.1,99.990,40038,4,0,6216,46253,1,40038,0.0,73915
KF220657.1,MK628734.1,100.000,6215,0,0,1,6215,39947,46161,0.0,11478
KF220657.1,MK628734.1,98.182,110,2,0,1,110,33952,33843,1.29e-42,193
KF220657.1,MK628734.1,100.000,93,0,0,40075,40167,40039,39947,1.68e-36,172
KF220657.1,MK628734.1,100.000,92,0,0,46162,46253,33952,33861,6.05e-36,171
KF220657.1,MK628734.1,97.619,84,2,0,14837,14920,5553,5470,3.67e-28,145
KF220657.1,MK628734.1,97.619,84,2,0,11685,11768,8705,8622,3.67e-28,145
KF220657.1,MK628734.1,94.340,53,3,0,44525,44577,38244,38296,2.92e-09,82.4
KF220657.1,MK628734.1,94.340,53,3,0,44459,44511,38310,38362,2.92e-09,82.4
KF220657.1,MH917280.1,99.790,39500,80,3,6756,46253,1,39499,0.0,72480
KF220657.1,MH917280.1,99.985,6755,1,0,1,6755,39408,46162,0.0,12469
KF220657.1,MH917280.1,98.182,110,2,0,1,110,33413,33304,1.29e-42,193
KF220657.1,MH917280.1,100.000,93,0,0,40075,40167,39500,39408,1.68e-36,172
KF220657.1,MH917280.1,100.000,92,0,0,46162,46253,33413,33322,6.05e-36,171
KF220657.1,MH917280.1,97.619,84,2,0,14837,14920,5014,4931,3.67e-28,145
KF220657.1,MH917280.1,97.619,84,2,0,11685,11768,8166,8083,3.67e-28,145
KF220657.1,MH917280.1,94.340,53,3,0,44525,44577,37705,37757,2.92e-09,82.4
KF220657.1,MH917280.1,94.340,53,3,0,44459,44511,37771,37823,2.92e-09,82.4
KF220657.1,CP050157.1,99.985,39200,6,0,7054,46253,1,39200,0.0,72356
KF220657.1,CP050157.1,100.000,7053,0,0,1,7053,39109,46161,0.0,13025
KF220657.1,CP050157.1,98.182,110,2,0,1,110,33114,33005,1.29e-42,193
KF220657.1,CP050157.1,100.000,93,0,0,40075,40167,39201,39109,1.68e-36,172
KF220657.1,CP050157.1,100.000,92,0,0,46162,46253,33114,33023,6.05e-36,171
KF220657.1,CP050157.1,97.619,84,2,0,14837,14920,4715,4632,3.67e-28,145
KF220657.1,CP050157.1,97.619,84,2,0,11685,11768,7867,7784,3.67e-28,145
KF220657.1,CP050157.1,94.340,53,3,0,44525,44577,37406,37458,2.92e-09,82.4
KF220657.1,CP050157.1,94.340,53,3,0,44459,44511,37472,37524,2.92e-09,82.4
KF220657.1,CP024820.1,99.990,38996,4,0,7258,46253,46161,7166,0.0,71990
KF220657.1,CP024820.1,100.000,7257,0,0,1,7257,7257,1,0.0,13402
KF220657.1,CP024820.1,98.182,110,2,0,1,110,13252,13361,1.29e-42,193
KF220657.1,CP024820.1,100.000,93,0,0,40075,40167,7165,7257,1.68e-36,172
KF220657.1,CP024820.1,100.000,92,0,0,46162,46253,13252,13343,6.05e-36,171
KF220657.1,CP024820.1,97.619,84,2,0,11685,11768,38499,38582,3.67e-28,145
KF220657.1,CP024820.1,97.619,84,2,0,14837,14920,41651,41734,3.67e-28,145
KF220657.1,CP024820.1,94.340,53,3,0,44459,44511,8894,8842,2.92e-09,82.4
KF220657.1,CP024820.1,94.340,53,3,0,44525,44577,8960,8908,2.92e-09,82.4
KF220657.1,CP034748.1,99.987,38726,5,0,7528,46253,1,38726,0.0,71486
KF220657.1,CP034748.1,99.973,7527,2,0,1,7527,38635,46161,0.0,13889
KF220657.1,CP034748.1,98.182,110,2,0,1,110,32640,32531,1.29e-42,193
KF220657.1,CP034748.1,100.000,93,0,0,40075,40167,38727,38635,1.68e-36,172
KF220657.1,CP034748.1,100.000,92,0,0,46162,46253,32640,32549,6.05e-36,171
KF220657.1,CP034748.1,97.619,84,2,0,14837,14920,4241,4158,3.67e-28,145
KF220657.1,CP034748.1,97.619,84,2,0,11685,11768,7393,7310,3.67e-28,145
KF220657.1,CP034748.1,94.340,53,3,0,44525,44577,36932,36984,2.92e-09,82.4
KF220657.1,CP034748.1,94.340,53,3,0,44459,44511,36998,37050,2.92e-09,82.4
KF220657.1,CP023188.1,99.961,38559,0,13,1,38559,38544,1,0.0,71108
KF220657.1,CP023188.1,99.948,7694,4,0,38560,46253,46146,38453,0.0,14187
KF220657.1,CP023188.1,98.182,110,2,0,1,110,44539,44648,1.29e-42,193
KF220657.1,CP023188.1,100.000,93,0,0,40075,40167,38452,38544,1.68e-36,172
KF220657.1,CP023188.1,100.000,92,0,0,46162,46253,44539,44630,6.05e-36,171
KF220657.1,CP023188.1,97.619,84,2,0,11685,11768,23625,23708,3.67e-28,145
KF220657.1,CP023188.1,97.619,84,2,0,14837,14920,26777,26860,3.67e-28,145
KF220657.1,CP023188.1,94.340,53,3,0,44459,44511,40181,40129,2.92e-09,82.4
KF220657.1,CP023188.1,94.340,53,3,0,44525,44577,40247,40195,2.92e-09,82.4
KF220657.1,CP026577.2,99.997,38430,1,0,1,38430,38430,1,0.0,70962
KF220657.1,CP026577.2,99.949,7823,4,0,38431,46253,46161,38339,0.0,14425
KF220657.1,CP026577.2,98.182,110,2,0,1,110,44425,44534,1.29e-42,193
KF220657.1,CP026577.2,100.000,93,0,0,40075,40167,38338,38430,1.68e-36,172
KF220657.1,CP026577.2,100.000,92,0,0,46162,46253,44425,44516,6.05e-36,171
KF220657.1,CP026577.2,97.619,84,2,0,11685,11768,23511,23594,3.67e-28,145
KF220657.1,CP026577.2,97.619,84,2,0,14837,14920,26663,26746,3.67e-28,145
KF220657.1,CP026577.2,94.340,53,3,0,44459,44511,40067,40015,2.92e-09,82.4
KF220657.1,CP026577.2,94.340,53,3,0,44525,44577,40133,40081,2.92e-09,82.4
KF220657.1,CP012990.1,99.995,38141,2,0,1,38141,8021,46161,0.0,70423
KF220657.1,CP012990.1,99.938,8112,5,0,38142,46253,1,8112,0.0,14953
KF220657.1,CP012990.1,98.182,110,2,0,1,110,2026,1917,1.29e-42,193
KF220657.1,CP012990.1,100.000,93,0,0,40075,40167,8113,8021,1.68e-36,172
KF220657.1,CP012990.1,100.000,92,0,0,46162,46253,2026,1935,6.05e-36,171
KF220657.1,CP012990.1,97.619,84,2,0,14837,14920,19788,19705,3.67e-28,145
KF220657.1,CP012990.1,97.619,84,2,0,11685,11768,22940,22857,3.67e-28,145
KF220657.1,CP012990.1,94.340,53,3,0,44525,44577,6318,6370,2.92e-09,82.4
KF220657.1,CP012990.1,94.340,53,3,0,44459,44511,6384,6436,2.92e-09,82.4
KF220657.1,KX470735.1,99.992,38141,3,0,1,38141,8021,46161,0.0,70417
KF220657.1,KX470735.1,99.938,8112,5,0,38142,46253,1,8112,0.0,14953
KF220657.1,KX470735.1,98.182,110,2,0,1,110,2026,1917,1.29e-42,193
KF220657.1,KX470735.1,100.000,93,0,0,40075,40167,8113,8021,1.68e-36,172
KF220657.1,KX470735.1,100.000,92,0,0,46162,46253,2026,1935,6.05e-36,171
KF220657.1,KX470735.1,97.619,84,2,0,14837,14920,19788,19705,3.67e-28,145
KF220657.1,KX470735.1,97.619,84,2,0,11685,11768,22940,22857,3.67e-28,145
KF220657.1,KX470735.1,94.340,53,3,0,44525,44577,6318,6370,2.92e-09,82.4
KF220657.1,KX470735.1,94.340,53,3,0,44459,44511,6384,6436,2.92e-09,82.4
KF220657.1,MN565271.1,99.989,38001,4,0,8253,46253,1,38001,0.0,70153
KF220657.1,MN565271.1,99.988,8252,1,0,1,8252,37910,46161,0.0,15234
KF220657.1,MN565271.1,98.182,110,2,0,1,110,31915,31806,1.29e-42,193
KF220657.1,MN565271.1,100.000,93,0,0,40075,40167,38002,37910,1.68e-36,172
KF220657.1,MN565271.1,100.000,92,0,0,46162,46253,31915,31824,6.05e-36,171
KF220657.1,MN565271.1,97.619,84,2,0,14837,14920,3516,3433,3.67e-28,145
KF220657.1,MN565271.1,97.619,84,2,0,11685,11768,6668,6585,3.67e-28,145
KF220657.1,MN565271.1,94.340,53,3,0,44525,44577,36207,36259,2.92e-09,82.4
KF220657.1,MN565271.1,94.340,53,3,0,44459,44511,36273,36325,2.92e-09,82.4
KF220657.1,CP032424.1,99.989,38001,4,0,8253,46253,1,38001,0.0,70153
KF220657.1,CP032424.1,99.988,8252,1,0,1,8252,37910,46161,0.0,15234
KF220657.1,CP032424.1,98.182,110,2,0,1,110,31915,31806,1.29e-42,193
KF220657.1,CP032424.1,100.000,93,0,0,40075,40167,38002,37910,1.68e-36,172
KF220657.1,CP032424.1,100.000,92,0,0,46162,46253,31915,31824,6.05e-36,171
KF220657.1,CP032424.1,97.619,84,2,0,14837,14920,3516,3433,3.67e-28,145
KF220657.1,CP032424.1,97.619,84,2,0,11685,11768,6668,6585,3.67e-28,145
KF220657.1,CP032424.1,94.340,53,3,0,44525,44577,36207,36259,2.92e-09,82.4
KF220657.1,CP032424.1,94.340,53,3,0,44459,44511,36273,36325,2.92e-09,82.4
KF220657.1,MT074091.1,99.968,37989,12,0,6624,44612,8145,46133,0.0,70087
KF220657.1,MT074091.1,99.985,6535,1,0,1,6535,1550,8084,0.0,12063
KF220657.1,MT074091.1,100.000,1641,0,0,44613,46253,1,1641,0.0,3031
KF220657.1,MT074091.1,98.182,110,2,0,1,110,41688,41579,1.29e-42,193
KF220657.1,MT074091.1,100.000,93,0,0,40075,40167,1642,1550,1.68e-36,172
KF220657.1,MT074091.1,100.000,92,0,0,46162,46253,41688,41597,6.05e-36,171
KF220657.1,MT074091.1,97.619,84,2,0,14837,14920,13289,13206,3.67e-28,145
KF220657.1,MT074091.1,97.619,84,2,0,11685,11768,16441,16358,3.67e-28,145
KF220657.1,MT074091.1,100.000,61,0,0,6474,6534,8084,8144,1.03e-18,113
KF220657.1,MT074091.1,94.340,53,3,0,44525,44577,45980,46032,2.92e-09,82.4
KF220657.1,MT074091.1,94.340,53,3,0,44459,44511,46046,46098,2.92e-09,82.4
KF220657.1,MT901553.1,99.947,37989,20,0,6624,44612,8145,46133,0.0,70057
KF220657.1,MT901553.1,99.969,6535,2,0,1,6535,1550,8084,0.0,12059
KF220657.1,MT901553.1,99.939,1641,1,0,44613,46253,1,1641,0.0,3027
KF220657.1,MT901553.1,97.273,110,3,0,1,110,41688,41579,1.67e-41,189
KF220657.1,MT901553.1,100.000,92,0,0,46162,46253,41688,41597,6.05e-36,171
KF220657.1,MT901553.1,98.925,93,1,0,40075,40167,1642,1550,2.18e-35,169
KF220657.1,MT901553.1,97.619,84,2,0,14837,14920,13289,13206,3.67e-28,145
KF220657.1,MT901553.1,97.619,84,2,0,11685,11768,16441,16358,3.67e-28,145
KF220657.1,MT901553.1,100.000,61,0,0,6474,6534,8084,8144,1.03e-18,113
KF220657.1,MT901553.1,94.340,53,3,0,44525,44577,45980,46032,2.92e-09,82.4
KF220657.1,MT901553.1,94.340,53,3,0,44459,44511,46046,46098,2.92e-09,82.4
KF220657.1,CP031138.1,99.992,36730,2,1,1,36730,36729,1,0.0,67810
KF220657.1,CP031138.1,99.916,9523,5,3,36731,46253,46157,36638,0.0,17538
KF220657.1,CP031138.1,98.182,110,2,0,1,110,42722,42831,1.29e-42,193
KF220657.1,CP031138.1,100.000,93,0,0,40075,40167,36637,36729,1.68e-36,172
KF220657.1,CP031138.1,100.000,92,0,0,46162,46253,42722,42813,6.05e-36,171
KF220657.1,CP031138.1,97.619,84,2,0,11685,11768,21811,21894,3.67e-28,145
KF220657.1,CP031138.1,97.619,84,2,0,14837,14920,24963,25046,3.67e-28,145
KF220657.1,CP031138.1,94.340,53,3,0,44459,44511,38366,38314,2.92e-09,82.4
KF220657.1,CP031138.1,94.340,53,3,0,44525,44577,38432,38380,2.92e-09,82.4
KF220657.1,CP020512.1,99.983,36115,4,2,10139,46253,46159,10047,0.0,66657
KF220657.1,CP020512.1,99.990,10138,1,0,1,10138,10138,1,0.0,18716
KF220657.1,CP020512.1,98.182,110,2,0,1,110,16133,16242,1.29e-42,193
KF220657.1,CP020512.1,100.000,93,0,0,40075,40167,10046,10138,1.68e-36,172
KF220657.1,CP020512.1,100.000,92,0,0,46162,46253,16133,16224,6.05e-36,171
KF220657.1,CP020512.1,97.619,84,2,0,11685,11768,41378,41461,3.67e-28,145
KF220657.1,CP020512.1,97.619,84,2,0,14837,14920,44530,44613,3.67e-28,145
KF220657.1,CP020512.1,94.340,53,3,0,44459,44511,11775,11723,2.92e-09,82.4
KF220657.1,CP020512.1,94.340,53,3,0,44525,44577,11841,11789,2.92e-09,82.4
KF220657.1,CP028705.1,99.989,35822,4,0,10432,46253,1,35822,0.0,66129
KF220657.1,CP028705.1,100.000,10431,0,0,1,10431,35731,46161,0.0,19263
KF220657.1,CP028705.1,98.182,110,2,0,1,110,29736,29627,1.29e-42,193
KF220657.1,CP028705.1,100.000,93,0,0,40075,40167,35823,35731,1.68e-36,172
KF220657.1,CP028705.1,100.000,92,0,0,46162,46253,29736,29645,6.05e-36,171
KF220657.1,CP028705.1,97.619,84,2,0,14837,14920,1337,1254,3.67e-28,145
KF220657.1,CP028705.1,97.619,84,2,0,11685,11768,4489,4406,3.67e-28,145
KF220657.1,CP028705.1,94.340,53,3,0,44525,44577,34028,34080,2.92e-09,82.4
KF220657.1,CP028705.1,94.340,53,3,0,44459,44511,34094,34146,2.92e-09,82.4
KF220657.1,MH781720.1,99.986,35822,5,0,10432,46253,1,35822,0.0,66124
KF220657.1,MH781720.1,99.990,10431,1,0,1,10431,35731,46161,0.0,19257
KF220657.1,MH781720.1,98.182,110,2,0,1,110,29736,29627,1.29e-42,193
KF220657.1,MH781720.1,100.000,93,0,0,40075,40167,35823,35731,1.68e-36,172
KF220657.1,MH781720.1,100.000,92,0,0,46162,46253,29736,29645,6.05e-36,171
KF220657.1,MH781720.1,97.619,84,2,0,14837,14920,1337,1254,3.67e-28,145
KF220657.1,MH781720.1,97.619,84,2,0,11685,11768,4489,4406,3.67e-28,145
KF220657.1,MH781720.1,94.340,53,3,0,44525,44577,34028,34080,2.92e-09,82.4
KF220657.1,MH781720.1,94.340,53,3,0,44459,44511,34094,34146,2.92e-09,82.4
KF220657.1,MT012585.1,99.989,35799,4,0,10455,46253,45270,9472,0.0,66087
KF220657.1,MT012585.1,100.000,9563,0,0,1,9563,9563,1,0.0,17660
KF220657.1,MT012585.1,98.182,110,2,0,1,110,15558,15667,1.29e-42,193
KF220657.1,MT012585.1,100.000,93,0,0,40075,40167,9471,9563,1.68e-36,172
KF220657.1,MT012585.1,100.000,92,0,0,46162,46253,15558,15649,6.05e-36,171
KF220657.1,MT012585.1,97.619,84,2,0,11685,11768,40805,40888,3.67e-28,145
KF220657.1,MT012585.1,97.619,84,2,0,14837,14920,43957,44040,3.67e-28,145
KF220657.1,MT012585.1,94.340,53,3,0,44459,44511,11200,11148,2.92e-09,82.4
KF220657.1,MT012585.1,94.340,53,3,0,44525,44577,11266,11214,2.92e-09,82.4
KF220657.1,MT012582.1,99.989,35799,4,0,10455,46253,45216,9418,0.0,66087
KF220657.1,MT012582.1,100.000,9509,0,0,1,9509,9509,1,0.0,17560
KF220657.1,MT012582.1,98.182,110,2,0,1,110,15504,15613,1.29e-42,193
KF220657.1,MT012582.1,100.000,93,0,0,40075,40167,9417,9509,1.68e-36,172
KF220657.1,MT012582.1,100.000,92,0,0,46162,46253,15504,15595,6.05e-36,171
KF220657.1,MT012582.1,97.619,84,2,0,11685,11768,40751,40834,3.67e-28,145
KF220657.1,MT012582.1,97.619,84,2,0,14837,14920,43903,43986,3.67e-28,145
KF220657.1,MT012582.1,94.340,53,3,0,44459,44511,11146,11094,2.92e-09,82.4
KF220657.1,MT012582.1,94.340,53,3,0,44525,44577,11212,11160,2.92e-09,82.4
KF220657.1,CP035125.1,99.983,35740,6,0,10514,46253,1,35740,0.0,65967
KF220657.1,CP035125.1,99.971,10513,3,0,1,10513,35649,46161,0.0,19398
KF220657.1,CP035125.1,98.182,110,2,0,1,110,29654,29545,1.29e-42,193
KF220657.1,CP035125.1,100.000,93,0,0,40075,40167,35741,35649,1.68e-36,172
KF220657.1,CP035125.1,100.000,92,0,0,46162,46253,29654,29563,6.05e-36,171
KF220657.1,CP035125.1,97.619,84,2,0,14837,14920,1255,1172,3.67e-28,145
KF220657.1,CP035125.1,97.619,84,2,0,11685,11768,4407,4324,3.67e-28,145
KF220657.1,CP035125.1,94.340,53,3,0,44525,44577,33946,33998,2.92e-09,82.4
KF220657.1,CP035125.1,94.340,53,3,0,44459,44511,34012,34064,2.92e-09,82.4
KF220657.1,AP023227.1,99.978,35680,8,0,10574,46253,1036,36715,0.0,65845
KF220657.1,AP023227.1,100.000,8339,0,0,1,8339,36624,44962,0.0,15400
KF220657.1,AP023227.1,99.808,1043,2,0,8340,9382,1,1043,0.0,1916
KF220657.1,AP023227.1,98.182,110,2,0,1,110,30629,30520,1.29e-42,193
KF220657.1,AP023227.1,100.000,93,0,0,40075,40167,36716,36624,1.68e-36,172
KF220657.1,AP023227.1,100.000,92,0,0,46162,46253,30629,30538,6.05e-36,171
KF220657.1,AP023227.1,97.619,84,2,0,14837,14920,2230,2147,3.67e-28,145
KF220657.1,AP023227.1,97.619,84,2,0,11685,11768,5382,5299,3.67e-28,145
KF220657.1,AP023227.1,94.340,53,3,0,44525,44577,34921,34973,2.92e-09,82.4
KF220657.1,AP023227.1,94.340,53,3,0,44459,44511,34987,35039,2.92e-09,82.4
KF220657.1,CP070422.1,99.980,35674,7,0,10580,46253,1,35674,0.0,65839
KF220657.1,CP070422.1,99.972,10579,3,0,1,10579,35583,46161,0.0,19520
KF220657.1,CP070422.1,98.182,110,2,0,1,110,29588,29479,1.29e-42,193
KF220657.1,CP070422.1,100.000,93,0,0,40075,40167,35675,35583,1.68e-36,172
KF220657.1,CP070422.1,100.000,92,0,0,46162,46253,29588,29497,6.05e-36,171
KF220657.1,CP070422.1,97.619,84,2,0,14837,14920,1189,1106,3.67e-28,145
KF220657.1,CP070422.1,97.619,84,2,0,11685,11768,4341,4258,3.67e-28,145
KF220657.1,CP070422.1,94.340,53,3,0,44525,44577,33880,33932,2.92e-09,82.4
KF220657.1,CP070422.1,94.340,53,3,0,44459,44511,33946,33998,2.92e-09,82.4
KF220657.1,CP070456.1,99.980,35674,7,0,10580,46253,1,35674,0.0,65839
KF220657.1,CP070456.1,99.972,10579,3,0,1,10579,35583,46161,0.0,19520
KF220657.1,CP070456.1,98.182,110,2,0,1,110,29588,29479,1.29e-42,193
KF220657.1,CP070456.1,100.000,93,0,0,40075,40167,35675,35583,1.68e-36,172
KF220657.1,CP070456.1,100.000,92,0,0,46162,46253,29588,29497,6.05e-36,171
KF220657.1,CP070456.1,97.619,84,2,0,14837,14920,1189,1106,3.67e-28,145
KF220657.1,CP070456.1,97.619,84,2,0,11685,11768,4341,4258,3.67e-28,145
KF220657.1,CP070456.1,94.340,53,3,0,44525,44577,33880,33932,2.92e-09,82.4
KF220657.1,CP070456.1,94.340,53,3,0,44459,44511,33946,33998,2.92e-09,82.4
KF220657.1,CP059715.1,99.983,35624,6,0,10630,46253,7848,43471,0.0,65752
KF220657.1,CP059715.1,99.943,7022,4,0,2361,9382,1,7022,0.0,12946
KF220657.1,CP059715.1,100.000,2360,0,0,1,2360,43380,45739,0.0,4359
KF220657.1,CP059715.1,98.182,110,2,0,1,110,37385,37276,1.29e-42,193
KF220657.1,CP059715.1,100.000,93,0,0,40075,40167,43472,43380,1.68e-36,172
KF220657.1,CP059715.1,100.000,92,0,0,46162,46253,37385,37294,6.05e-36,171
KF220657.1,CP059715.1,97.619,84,2,0,14837,14920,8986,8903,3.67e-28,145
KF220657.1,CP059715.1,97.619,84,2,0,11685,11768,12138,12055,3.67e-28,145
KF220657.1,CP059715.1,98.462,65,1,0,10574,10638,7015,7079,2.87e-19,115
KF220657.1,CP059715.1,94.340,53,3,0,44525,44577,41677,41729,2.92e-09,82.4
KF220657.1,CP059715.1,94.340,53,3,0,44459,44511,41743,41795,2.92e-09,82.4
KF220657.1,MH917283.1,99.980,35575,7,0,10679,46253,41691,6117,0.0,65656
KF220657.1,MH917283.1,99.984,6208,1,0,1,6208,6208,1,0.0,11459
KF220657.1,MH917283.1,99.937,3167,2,0,6216,9382,46154,42988,0.0,5838
KF220657.1,MH917283.1,99.671,1214,3,1,9369,10581,41677,42890,0.0,2218
KF220657.1,MH917283.1,99.757,824,2,0,5392,6215,50712,51535,0.0,1511
KF220657.1,MH917283.1,98.230,113,2,0,10574,10686,42995,42883,2.77e-44,198
KF220657.1,MH917283.1,98.182,110,2,0,1,110,12203,12312,1.29e-42,193
KF220657.1,MH917283.1,100.000,93,0,0,40075,40167,6116,6208,1.68e-36,172
KF220657.1,MH917283.1,100.000,92,0,0,46162,46253,12203,12294,6.05e-36,171
KF220657.1,MH917283.1,97.619,84,2,0,11685,11768,37450,37533,3.67e-28,145
KF220657.1,MH917283.1,97.619,84,2,0,14837,14920,40602,40685,3.67e-28,145
KF220657.1,MH917283.1,94.340,53,3,0,44459,44511,7845,7793,2.92e-09,82.4
KF220657.1,MH917283.1,94.340,53,3,0,44525,44577,7911,7859,2.92e-09,82.4


